<?xml version="1.0" standalone="no"?>

<!DOCTYPE tree SYSTEM "http://www.cs.umd.edu/hcil/iv03contest/datasets/treeml.dtd">

<tree>
  <declarations>
    <attributeDecl name="name" type="String"/>
    <attributeDecl name="number" type="Real"/>
  </declarations>
  <branch>
    <attribute name="name" value="Auto-taxonomy-technology"/>
      <branch>
        <attribute name="name" value="JAVA"/>
        <leaf>
          <attribute name="name" value="Sun Microsystems Inc."/>
          <attribute name="number" value="30"/>
        </leaf>
      </branch>
      <branch>
        <attribute name="name" value="Java"/>
        <leaf>
          <attribute name="name" value="Sun Microsystems Inc."/>
          <attribute name="number" value="30"/>
        </leaf>
      </branch>
      <branch>
        <attribute name="name" value="Java technology"/>
        <leaf>
          <attribute name="name" value="Sun Microsystems Inc."/>
          <attribute name="number" value="30"/>
        </leaf>
      </branch>
      <branch>
        <attribute name="name" value="UltraSPARC processor"/>
        <leaf>
          <attribute name="name" value="Sun Microsystems Inc."/>
          <attribute name="number" value="30"/>
        </leaf>
      </branch>
      <branch>
        <attribute name="name" value="database management system"/>
        <leaf>
          <attribute name="name" value="Sun Microsystems Inc."/>
          <attribute name="number" value="30"/>
        </leaf>
      </branch>
      <branch>
        <attribute name="name" value="SOA"/>
        <leaf>
          <attribute name="name" value="Bekk"/>
          <attribute name="number" value="30"/>
        </leaf>
        <leaf>
          <attribute name="name" value="Objectware"/>
          <attribute name="number" value="60"/>
        </leaf>
      </branch>

      <branch>
        <attribute name="name" value="Business Intelligence"/>
        <leaf>
          <attribute name="name" value="Objectware"/>
          <attribute name="number" value="40"/>
        </leaf>
      </branch>
      <branch>
        <attribute name="name" value="CRM"/>
        <leaf>
          <attribute name="name" value="Objectware"/>
          <attribute name="number" value="30"/>
        </leaf>
      </branch>
      <branch>
        <attribute name="name" value="component-based technology"/>
        <leaf>
          <attribute name="name" value="Objectware"/>
          <attribute name="number" value="50"/>
        </leaf>
      </branch>
    </branch>
  
</tree>