<?xml version="1.0" standalone="no"?>

<!DOCTYPE tree SYSTEM "http://www.cs.umd.edu/hcil/iv03contest/datasets/treeml.dtd">

<tree>
  <declarations>
    <attributeDecl name="name" type="String"/>
    <attributeDecl name="number" type="Real"/>
  </declarations>
  <branch>
  <attribute name="name" value="Auto-taxonomy"/>
  <branch>
    <attribute name="name" value="City"/>
    <branch>
      <attribute name="name" value="Santa Clara"/>
      <leaf>
        <attribute name="name" value="Sun"/>
        <attribute name="number" value="10"/>
      </leaf>
    </branch>
  </branch>

  <branch>
    <attribute name="name" value="Company"/>
    <branch>
      <attribute name="name" value="Sun Microsystems Inc."/>
      <leaf>
        <attribute name="name" value="Sun Microsystems Inc."/>
        <attribute name="number" value="100"/>
      </leaf>
    </branch>
    <branch>
      <attribute name="name" value="Get Glassfish - MySQL Unlimited"/>
      <leaf>
        <attribute name="name" value="Sun Microsystems Inc."/>
        <attribute name="number" value="5"/>
      </leaf>
    </branch>
    <branch>
      <attribute name="name" value="My SDN"/>
      <leaf>
        <attribute name="name" value="Sun Microsystems Inc."/>
        <attribute name="number" value="5"/>
      </leaf>
    </branch>
    <branch>
      <attribute name="name" value="Ergo Group"/>
      <leaf>
        <attribute name="name" value="Bekk"/>
        <attribute name="number" value="100"/>
      </leaf>
    </branch>
    <branch>
      <attribute name="name" value="IBM"/>
      <leaf>
        <attribute name="name" value="Bekk"/>
        <attribute name="number" value="30"/>
      </leaf>
    </branch>
    <branch>
      <attribute name="name" value="Microsoft"/>
      <leaf>
        <attribute name="name" value="Bekk"/>
        <attribute name="number" value="30"/>
      </leaf>
    </branch>
    <branch>
      <attribute name="name" value="Oracle"/>
      <leaf>
        <attribute name="name" value="Bekk"/>
        <attribute name="number" value="10"/>
      </leaf>
    </branch>
    <branch>
      <attribute name="name" value="Sonic"/>
      <leaf>
        <attribute name="name" value="Bekk"/>
        <attribute name="number" value="20"/>
      </leaf>
    </branch>
  </branch>

  <branch>
    <attribute name="name" value="Country"/>
    <branch>
      <attribute name="name" value="United States"/>
      <leaf>
        <attribute name="name" value="Sun Microsystems Inc."/>
        <attribute name="number" value="5"/>
      </leaf>
    </branch>
    <branch>
      <attribute name="name" value="Norway"/>
      <leaf>
        <attribute name="name" value="Bekk"/>
        <attribute name="number" value="50"/>
      </leaf>
      <leaf>
        <attribute name="name" value="Objectware"/>
        <attribute name="number" value="50"/>
      </leaf>
      <leaf>
        <attribute name="name" value="Bouvet"/>
        <attribute name="number" value="40"/>
      </leaf>
    </branch>
  </branch>

  <branch>
    <attribute name="name" value="Currency"/>
    <branch>
      <attribute name="name" value="USD"/>
      <leaf>
        <attribute name="name" value="Sun"/>
        <attribute name="number" value="10"/>
      </leaf>
    </branch>
  </branch>

   <branch>
      <attribute name="name" value="IndustryTerm"/>
      <branch>
        <attribute name="name" value="bank"/>
        <leaf>
          <attribute name="name" value="Objectware"/>
          <attribute name="number" value="40"/>
        </leaf>
      </branch>
      <branch>
        <attribute name="name" value="joint customer solution"/>
        <leaf>
          <attribute name="name" value="Objectware"/>
          <attribute name="number" value="40"/>
        </leaf>
      </branch>
      <branch>
        <attribute name="name" value="public agency"/>
        <leaf>
          <attribute name="name" value="Objectware"/>
          <attribute name="number" value="40"/>
        </leaf>
      </branch>
      <branch>
        <attribute name="name" value="Online Account"/>
        <leaf>
          <attribute name="name" value="Sun Microsystems Inc."/>
          <attribute name="number" value="30"/>
        </leaf>
        </branch>
        <branch>
          <attribute name="name" value="consumer electronics"/>
          <leaf>
            <attribute name="name" value="Sun Microsystems Inc."/>
            <attribute name="number" value="30"/>
          </leaf>
        </branch>
        <branch>
          <attribute name="name" value="energy"/>
          <leaf>
            <attribute name="name" value="Sun Microsystems Inc."/>
            <attribute name="number" value="30"/>
          </leaf>
        </branch>
        <branch>
          <attribute name="name" value="financial services"/>
          <leaf>
            <attribute name="name" value="Sun Microsystems Inc."/>
            <attribute name="number" value="30"/>
          </leaf>
        </branch>
        <branch>
          <attribute name="name" value="healthcare"/>
          <leaf>
            <attribute name="name" value="Sun Microsystems Inc."/>
            <attribute name="number" value="30"/>
          </leaf>
        </branch>
        <branch>
          <attribute name="name" value="network computing platforms"/>
          <leaf>
            <attribute name="name" value="Sun Microsystems Inc."/>
            <attribute name="number" value="30"/>
          </leaf>
        </branch>
        <branch>
          <attribute name="name" value="retail"/>
          <leaf>
            <attribute name="name" value="Sun Microsystems Inc."/>
            <attribute name="number" value="30"/>
          </leaf>
        </branch>
        <branch>
          <attribute name="name" value="social networking"/>
          <leaf>
            <attribute name="name" value="Sun Microsystems Inc."/>
            <attribute name="number" value="30"/>
          </leaf>
        </branch>
        <branch>
          <attribute name="name" value="technology stewardship"/>
          <leaf>
            <attribute name="name" value="Sun Microsystems Inc."/>
            <attribute name="number" value="30"/>
          </leaf>
        </branch>

      <branch>
        <attribute name="name" value="individual products"/>
        <leaf>
          <attribute name="name" value="Bekk"/>
          <attribute name="number" value="30"/>
        </leaf>
      </branch>
      <branch>
        <attribute name="name" value="integration solutions"/>
        <leaf>
          <attribute name="name" value="Bekk"/>
          <attribute name="number" value="10"/>
        </leaf>
      </branch>
      <branch>
        <attribute name="name" value="pure web services"/>
        <leaf>
          <attribute name="name" value="Bekk"/>
          <attribute name="number" value="30"/>
        </leaf>
      </branch>
      <branch>
        <attribute name="name" value="self-solutions"/>
        <leaf>
          <attribute name="name" value="Bekk"/>
          <attribute name="number" value="20"/>
        </leaf>
      </branch>
      <branch>
        <attribute name="name" value="areas solution"/>
        <leaf>
          <attribute name="name" value="Objectware"/>
          <attribute name="number" value="5"/>
        </leaf>
      </branch>
      <branch>
        <attribute name="name" value="component-based technology"/>
        <leaf>
          <attribute name="name" value="Objectware"/>
          <attribute name="number" value="50"/>
        </leaf>
      </branch>
      <branch>
        <attribute name="name" value="similar solutions"/>
        <leaf>
          <attribute name="name" value="Objectware"/>
          <attribute name="number" value="5"/>
        </leaf>
      </branch>
      <branch>
        <attribute name="name" value="with new products"/>
        <leaf>
          <attribute name="name" value="Objectware"/>
          <attribute name="number" value="1"/>
        </leaf>
      </branch>
    </branch>
  <branch>
    <attribute name="name" value="OperatingSystem"/>
    <branch>
      <attribute name="name" value="Solaris"/>
      <leaf>
        <attribute name="name" value="Sun Microsystems Inc."/>
        <attribute name="number" value="30"/>
      </leaf>
    </branch>
    <branch>
      <attribute name="name" value="Solaris operating system"/>
      <leaf>
        <attribute name="name" value="Sun Microsystems Inc."/>
        <attribute name="number" value="30"/>
      </leaf>
    </branch>
  </branch>
  <branch>
    <attribute name="name" value="Organization"/>
    <branch>
      <attribute name="name" value="Channel Partner Member Center"/>
      <leaf>
        <attribute name="name" value="Sun Microsystems Inc."/>
        <attribute name="number" value="30"/>
      </leaf>
    </branch>
    <branch>
      <attribute name="name" value="News Center"/>
      <leaf>
        <attribute name="name" value="Sun Microsystems Inc."/>
        <attribute name="number" value="30"/>
      </leaf>
    </branch>
    <branch>
      <attribute name="name" value="Watch Video"/>
      <leaf>
        <attribute name="name" value="Sun Microsystems Inc."/>
        <attribute name="number" value="30"/>
      </leaf>
    </branch>
  </branch>
  <branch>
    <attribute name="name" value="Person"/>
    <branch>
      <attribute name="name" value="Catch"/>
      <leaf>
        <attribute name="name" value="Sun Microsystems Inc."/>
        <attribute name="number" value="30"/>
      </leaf>
    </branch>
    <branch>
      <attribute name="name" value="Dave Douglas"/>
      <leaf>
        <attribute name="name" value="Sun Microsystems Inc."/>
        <attribute name="number" value="30"/>
      </leaf>
    </branch>
    <branch>
      <attribute name="name" value="Feedback"/>
      <leaf>
        <attribute name="name" value="Sun Microsystems Inc."/>
        <attribute name="number" value="30"/>
      </leaf>
    </branch>
  </branch>
  <branch>
    <attribute name="name" value="PhoneNumber"/>
    <branch>
      <attribute name="name" value="1-650-960-1300"/>
      <leaf>
        <attribute name="name" value="Sun Microsystems Inc."/>
        <attribute name="number" value="30"/>
      </leaf>
    </branch>
    <branch>
      <attribute name="name" value="1-800-786-0404"/>
      <leaf>
        <attribute name="name" value="Sun Microsystems Inc."/>
        <attribute name="number" value="30"/>
      </leaf>
    </branch>
  </branch>
  <branch>
    <attribute name="name" value="ProgrammingLanguage"/>
    <branch>
      <attribute name="name" value="Java"/>
      <leaf>
        <attribute name="name" value="Sun Microsystems Inc."/>
        <attribute name="number" value="100"/>
      </leaf>
    </branch>
    <branch>
      <attribute name="name" value="Logo"/>
      <leaf>
        <attribute name="name" value="Bouvet"/>
        <attribute name="number" value="10"/>
      </leaf>
    </branch>
  </branch>
  <branch>
    <attribute name="name" value="ProvinceOrState"/>
    <branch>
      <attribute name="name" value="California"/>
      <leaf>
        <attribute name="name" value="Sun Microsystems Inc."/>
        <attribute name="number" value="30"/>
      </leaf>
    </branch>
  </branch>
  <branch>
    <attribute name="name" value="Technology"/>
    <branch>
      <attribute name="name" value="JAVA"/>
      <leaf>
        <attribute name="name" value="Sun Microsystems Inc."/>
        <attribute name="number" value="30"/>
      </leaf>
    </branch>
    <branch>
      <attribute name="name" value="Java"/>
      <leaf>
        <attribute name="name" value="Sun Microsystems Inc."/>
        <attribute name="number" value="30"/>
      </leaf>
    </branch>
    <branch>
      <attribute name="name" value="Java technology"/>
      <leaf>
        <attribute name="name" value="Sun Microsystems Inc."/>
        <attribute name="number" value="30"/>
      </leaf>
    </branch>
    <branch>
      <attribute name="name" value="UltraSPARC processor"/>
      <leaf>
        <attribute name="name" value="Sun Microsystems Inc."/>
        <attribute name="number" value="30"/>
      </leaf>
    </branch>
    <branch>
      <attribute name="name" value="database management system"/>
      <leaf>
        <attribute name="name" value="Sun Microsystems Inc."/>
        <attribute name="number" value="30"/>
      </leaf>
    </branch>
    <branch>
      <attribute name="name" value="SOA"/>
      <leaf>
        <attribute name="name" value="Bekk"/>
        <attribute name="number" value="30"/>
      </leaf>
      <leaf>
        <attribute name="name" value="Objectware"/>
        <attribute name="number" value="60"/>
      </leaf>
    </branch>

    <branch>
      <attribute name="name" value="Business Intelligence"/>
      <leaf>
        <attribute name="name" value="Objectware"/>
        <attribute name="number" value="40"/>
      </leaf>
      </branch>
      <branch>
        <attribute name="name" value="CRM"/>
        <leaf>
          <attribute name="name" value="Objectware"/>
          <attribute name="number" value="30"/>
        </leaf>
      </branch>
      <branch>
        <attribute name="name" value="component-based technology"/>
        <leaf>
          <attribute name="name" value="Objectware"/>
          <attribute name="number" value="50"/>
        </leaf>
      </branch>
    </branch>

  </branch>

</tree>