<?xml version="1.0" standalone="no"?>

<!DOCTYPE tree SYSTEM "http://www.cs.umd.edu/hcil/iv03contest/datasets/treeml.dtd">

<tree>
  <declarations>
    <attributeDecl name="name" type="String"/>
    <attributeDecl name="number" type="Real"/>
  </declarations>

    <branch>
      <attribute name="name" value="IndustryTerm"/>
      <branch>
        <attribute name="name" value="bank"/>
        <leaf>
          <attribute name="name" value="Objectware"/>
          <attribute name="number" value="40"/>
        </leaf>
      </branch>
      <branch>
        <attribute name="name" value="joint customer solution"/>
        <leaf>
          <attribute name="name" value="Objectware"/>
          <attribute name="number" value="40"/>
        </leaf>
      </branch>
      <branch>
        <attribute name="name" value="public agency"/>
        <leaf>
          <attribute name="name" value="Objectware"/>
          <attribute name="number" value="40"/>
        </leaf>
      </branch>
      <branch>
        <attribute name="name" value="Online Account"/>
        <leaf>
          <attribute name="name" value="Sun Microsystems Inc."/>
          <attribute name="number" value="30"/>
        </leaf>
        </branch>
        <branch>
          <attribute name="name" value="consumer electronics"/>
          <leaf>
            <attribute name="name" value="Sun Microsystems Inc."/>
            <attribute name="number" value="30"/>
          </leaf>
        </branch>
        <branch>
          <attribute name="name" value="energy"/>
          <leaf>
            <attribute name="name" value="Sun Microsystems Inc."/>
            <attribute name="number" value="30"/>
          </leaf>
        </branch>
        <branch>
          <attribute name="name" value="financial services"/>
          <leaf>
            <attribute name="name" value="Sun Microsystems Inc."/>
            <attribute name="number" value="30"/>
          </leaf>
        </branch>
        <branch>
          <attribute name="name" value="healthcare"/>
          <leaf>
            <attribute name="name" value="Sun Microsystems Inc."/>
            <attribute name="number" value="30"/>
          </leaf>
        </branch>
        <branch>
          <attribute name="name" value="network computing platforms"/>
          <leaf>
            <attribute name="name" value="Sun Microsystems Inc."/>
            <attribute name="number" value="30"/>
          </leaf>
        </branch>
        <branch>
          <attribute name="name" value="retail"/>
          <leaf>
            <attribute name="name" value="Sun Microsystems Inc."/>
            <attribute name="number" value="30"/>
          </leaf>
        </branch>
        <branch>
          <attribute name="name" value="social networking"/>
          <leaf>
            <attribute name="name" value="Sun Microsystems Inc."/>
            <attribute name="number" value="30"/>
          </leaf>
        </branch>
        <branch>
          <attribute name="name" value="technology stewardship"/>
          <leaf>
            <attribute name="name" value="Sun Microsystems Inc."/>
            <attribute name="number" value="30"/>
          </leaf>
        </branch>
      
      <branch>
        <attribute name="name" value="individual products"/>
        <leaf>
          <attribute name="name" value="Bekk"/>
          <attribute name="number" value="30"/>
        </leaf>
      </branch>
      <branch>
        <attribute name="name" value="integration solutions"/>
        <leaf>
          <attribute name="name" value="Bekk"/>
          <attribute name="number" value="10"/>
        </leaf>
      </branch>
      <branch>
        <attribute name="name" value="pure web services"/>
        <leaf>
          <attribute name="name" value="Bekk"/>
          <attribute name="number" value="30"/>
        </leaf>
      </branch>
      <branch>
        <attribute name="name" value="self-solutions"/>
        <leaf>
          <attribute name="name" value="Bekk"/>
          <attribute name="number" value="20"/>
        </leaf>
      </branch>
      <branch>
        <attribute name="name" value="areas solution"/>
        <leaf>
          <attribute name="name" value="Objectware"/>
          <attribute name="number" value="5"/>
        </leaf>
      </branch>
      <branch>
        <attribute name="name" value="component-based technology"/>
        <leaf>
          <attribute name="name" value="Objectware"/>
          <attribute name="number" value="50"/>
        </leaf>
      </branch>
      <branch>
        <attribute name="name" value="similar solutions"/>
        <leaf>
          <attribute name="name" value="Objectware"/>
          <attribute name="number" value="5"/>
        </leaf>
      </branch>
      <branch>
        <attribute name="name" value="with new products"/>
        <leaf>
          <attribute name="name" value="Objectware"/>
          <attribute name="number" value="1"/>
        </leaf>
      </branch>
    </branch>
</tree>